token,ride_token,file_name
1,1,rosbag2_2023_09_29-14_40_51_31
2,1,rosbag2_2023_09_29-14_40_51_27
3,1,rosbag2_2023_09_29-14_40_51_3
4,1,rosbag2_2023_09_29-14_40_51_46
5,1,rosbag2_2023_09_29-14_40_51_11
6,1,rosbag2_2023_09_29-14_40_51_10
7,1,rosbag2_2023_09_29-14_40_51_47
8,1,rosbag2_2023_09_29-14_40_51_2
9,1,rosbag2_2023_09_29-14_40_51_26
10,1,rosbag2_2023_09_29-14_40_51_30
11,1,rosbag2_2023_09_29-14_40_51_5
12,1,rosbag2_2023_09_29-14_40_51_40
13,1,rosbag2_2023_09_29-14_40_51_17
14,1,rosbag2_2023_09_29-14_40_51_37
15,1,rosbag2_2023_09_29-14_40_51_21
16,1,rosbag2_2023_09_29-14_40_51_9
17,1,rosbag2_2023_09_29-14_40_51_20
18,1,rosbag2_2023_09_29-14_40_51_8
19,1,rosbag2_2023_09_29-14_40_51_36
20,1,rosbag2_2023_09_29-14_40_51_16
21,1,rosbag2_2023_09_29-14_40_51_41
22,1,rosbag2_2023_09_29-14_40_51_4
23,1,rosbag2_2023_09_29-14_40_51_15
24,1,rosbag2_2023_09_29-14_40_51_42
25,1,rosbag2_2023_09_29-14_40_51_7
26,1,rosbag2_2023_09_29-14_40_51_39
27,1,rosbag2_2023_09_29-14_40_51_19
28,1,rosbag2_2023_09_29-14_40_51_23
29,1,rosbag2_2023_09_29-14_40_51_35
30,1,rosbag2_2023_09_29-14_40_51_34
31,1,rosbag2_2023_09_29-14_40_51_22
32,1,rosbag2_2023_09_29-12_39_23_0
33,1,rosbag2_2023_09_29-14_40_51_18
34,1,rosbag2_2023_09_29-14_40_51_38
35,1,rosbag2_2023_09_29-14_40_51_6
36,1,rosbag2_2023_09_29-14_40_51_43
37,1,rosbag2_2023_09_29-14_40_51_14
38,1,rosbag2_2023_09_29-14_40_51_48
39,1,rosbag2_2023_09_29-14_40_51_25
40,1,rosbag2_2023_09_29-14_40_51_33
41,1,rosbag2_2023_09_29-14_40_51_13
42,1,rosbag2_2023_09_29-14_40_51_44
43,1,rosbag2_2023_09_29-14_40_51_1
44,1,rosbag2_2023_09_29-14_40_51_29
45,1,rosbag2_2023_09_29-14_40_51_0
46,1,rosbag2_2023_09_29-14_40_51_28
47,1,rosbag2_2023_09_29-13_18_35_0
48,1,rosbag2_2023_09_29-14_40_51_45
49,1,rosbag2_2023_09_29-14_40_51_12
50,1,rosbag2_2023_09_29-14_40_51_32
51,1,rosbag2_2023_09_29-14_40_51_24
52,1,rosbag2_2023_09_29-14_40_51_49
